Site_number,Transect,Site.type,Bromus_TN_pct,Bromus_TC_pct,Bromus_CN,Other_TN_pct,Other_TC_pct,Other_CN,Poa_TN_pct,Poa_TC_pct,Poa_CN,Litter_TN_pct,Litter_TC_pct,Litter_CN,SOIL_SurSo4_kg_ha,SOIL_Ca_kg_ha,SOIL_Mg_kg_ha,SOIL_OM_pct,SOIL_TN_pct,SOIL_CN,Bare,Litter,Crypto,AIG,AIF,PNF,PNG,ANF,Shrubs,Rock,Year,ppt_2yrtot,ppt_2yr,ppt_1yr,tmax,tmin,vpdmx,shrub_b,soil_n_kg_ha,soil_c_kg_ha,inv,NO3_kg_ha,NH4_kg_ha,total_mineral_n
1,A,Intact Sagebrush,1.16,39.7,34.29,1.1,39.58,36.02,1.58,42.36,26.7751722394286,1.06,35.57,33.59241,0.07910114985255554,5124.82302036,1228.985994456,1.97,0.12,16.4166666666667,69,27,0.08965517241379312,0.34,0.02,0.03,8.21,0.01,25.1,0.18,2013,331.279997348785,194.709999918938,190.499996542931,21.2199993133545,-12.1899995803833,21.9500007629395,Shrub,1685.3577791999999,27667.9568752,-2.498965310904104,5.61363636363636,5.17240454545455,10.78604090909091
1,B,Intact Sagebrush,1.17,40.9,34.84,NA,NA,NA,1.37,42.22,30.722602241304,0.93,34.97,37.65261,0.19240730741694567,3956.319665662,921.003140278,1.68,0.1,16.8,66.7,30,0.07586206896551724,0.47,0,0,7.6,0.03,21.6,0.06,2013,331.279997348785,194.709999918938,190.499996542931,21.2199993133545,-12.1899995803833,21.9500007629395,Shrub,1404.4648160000004,23595.008908800002,-2.1945975069700348,7.85909090909091,32.5590909090909,40.41818181818181
1,C,Intact Sagebrush,1.2,37.99,31.78,1.15,40.89,35.44,1.58,41.94,26.6068142884335,0.83,31.08,37.532,-0.2570921888933499,3871.286818935,937.465071162,1.81,0.1,18.1,74.2,22.5,0.27586206896551724,1.04,0.2,0,6,0.02,22.2,0.25,2013,331.279997348785,194.709999918938,190.499996542931,21.2199993133545,-12.1899995803833,21.9500007629395,Shrub,1404.4648160000004,25420.813169600005,-2.5009963709580068,6.73636363636364,5.50248636363636,12.23885
2,A,Intact Sagebrush,1.01,40.52,39.94,1.24,39.22,31.52,1.09,41.55,37.9831779118669,0.58,39.85,68.44438,-0.5405127967188351,4671.731772856,1097.170359372,1.68,0.1,16.8,56.5,41.6,0.15172413793103448,0.27,0,0.53,4.3,0.01,25.45,0.06,2013,490.610002994537,301.340003252029,296.009999513626,17.9699993133545,-9.0600004196167,16.9099998474121,Shrub,1404.4648160000004,23595.008908800002,-1.6405872035077622,7.85909090909091,6.12447727272727,13.98356818181818
2,B,Intact Sagebrush,1.14,36.95,32.29,1.27,40.23,31.76,1.12,40.28,36.077026421854,0.78,35.33,45.33114,-0.3433911253396636,3831.682877952,946.456242792,1.8,0.1,18,69.4,29.3,0.020689655172413793,0.37,0,0.12,3.31,0.03,21.22,0.06,2013,490.610002994537,301.340003252029,296.009999513626,17.9699993133545,-9.0600004196167,16.9099998474121,Shrub,1404.4648160000004,25280.366688000002,-1.6403455002026366,8.98181818181818,7.63117727272727,16.61299545454545
2,C,Intact Sagebrush,0.97,39.24,40.26,1.27,40.15,31.74,0.73,42.17,57.5244175260545,0.72,34.39,48.03698,-0.22667026165687995,4141.762924194,1108.893048354,1.89,0.11,17.1818181818182,70.6,27.31,0.020689655172413793,0.24,0,0.41,5.01,0.03,27.55,0.02,2013,490.610002994537,301.340003252029,296.009999513626,17.9699993133545,-9.0600004196167,16.9099998474121,Shrub,1544.9112976000001,26544.3850224,-2.1086790702682476,6.73636363636364,5.97852272727273,12.71488636363637
3,A,Intact Sagebrush,0.93,38.39,41.45,1.17,42.08,35.84,1.01,42,41.5482785912149,0.63,34.51,54.55206,-0.17824352034168064,4927.168067129,1126.789915944,2.03,0.12,16.9166666666667,83.1,13.7,0.296551724137931,0.52,0,0,5.11,0.03,15.85,0.06,2013,274.079998612404,162.15999674797,162.000002503395,22.1800003051758,-13.0799999237061,23.7399997711182,Shrub,1685.3577791999999,28510.635764799998,-2.604125141123833,6.73636363636364,4.56051818181818,11.29688181818182
3,B,Intact Sagebrush,0.91,34.62,37.85,1.29,40.93,31.84,1.08,41.29,38.3423105497771,0.75,30.78,41.20876,-0.6202927487573344,5129.545453875,1194.882352785,1.81,0.11,16.4545454545455,94.5,2.8,0.12413793103448276,0.05,0,0,5.3,0.07,17.25,0.35,2013,274.079998612404,162.15999674797,162.000002503395,22.1800003051758,-13.0799999237061,23.7399997711182,Shrub,1544.9112976000001,25420.813169600005,-2.8595336498256145,5.61363636363636,5.20833181818182,10.82196818181818
3,C,Intact Sagebrush,0.86,42.08,48.78,0.99,41.51,41.88,1.07,42.93,40.2211187107655,0.71,36.75,51.73448,-0.46538926211448944,4391.988711712,1075.758509728,2.13,0.12,17.75,66,30.6,0.6344827586206897,0.26,0.02,0,4.9,0.04,14.2,0.15,2013,274.079998612404,162.15999674797,162.000002503395,22.1800003051758,-13.0799999237061,23.7399997711182,Shrub,1685.3577791999999,29915.100580799997,-2.4338635129009365,5.61363636363636,5.03094090909091,10.64457727272727
4,A,Intact Sagebrush,1.16,40.45,34.8,1.52,40.72,26.82,1.38,42.06,30.4996736529117,0.95,28.83,30.47449,0.49072845103171997,5863.92718353225,1329.49024274825,1.9,0.11,17.2727272727273,93.5,3.51,0.22068965517241382,0.04,0,0.81,4.61,0.09,19.95,0.26,2013,197.219997525215,125.239998579025,115.109999299049,22,-13.539999961853,23.5400009155273,Shrub,1544.9112976000001,26684.831504,-2.963499982603525,8.98181818181818,5.01859090909091,14.000409090909091
4,B,Intact Sagebrush,1.15,36.09,31.45,1.63,41.26,25.33,1.32,41.96,31.8214908622128,1.05,30.95,29.44529,0.5484680272152327,5412.42840725933,1255.86121154067,1.64,0.09,18.2222222222222,82.4,13.71,0.6344827586206897,0.03,0,1.51,5.2,0,25.65,0.28,2013,197.219997525215,125.239998579025,115.109999299049,22,-13.539999961853,23.5400009155273,Shrub,1264.0183344,23033.2229824,-3.423975735450618,7.85909090909091,4.60991818181818,12.46900909090909
4,C,Intact Sagebrush,1.29,39.77,30.94,1.51,41.65,27.59,1.33,41.42,31.1334084930477,1.31,30.59,23.33817,1.0547758162222112,5555.51878866275,1123.88464616858,2.06,0.1,20.6,79.4,17.31,0.786206896551724,0.03,0,1.64,3.51,0.01,29,0.19,2013,197.219997525215,125.239998579025,115.109999299049,22,-13.539999961853,23.5400009155273,Shrub,1404.4648160000004,28931.975209600005,-3.4145729178785937,10.1045454545455,6.25246818181818,16.357013636363682
5,A,Intact Sagebrush,0.98,36.93,37.5,1.32,39.06,29.64,1.42,42,29.6143270112106,0.99,32.27,32.576,1.1466624535894892,7194.80665328442,1251.69353052892,2.08,0.12,17.3333333333333,78.6,16.4,0.6551724137931034,0,0,2.45,5.91,0.02,20.55,0.46,2013,190.329998135567,117.109999418259,110.319998860359,22.5,-14.1700000762939,24.2800006866455,Shrub,1685.3577791999999,29212.868172800005,-3.277834776226675,8.98181818181818,7.45603181818182,16.43785
5,B,Intact Sagebrush,1.14,34.85,30.55,1.36,40.92,30.1,1.31,41.93,31.8995815899582,0.83,35.31,42.46327,1.2435159362199104,5154.03218453083,1165.56145628608,2.2,0.12,18.3333333333333,69.2,27.1,0.6413793103448276,0.13,0.01,0.69,5.9,0.05,24.75,0.27,2013,190.329998135567,117.109999418259,110.319998860359,22.5,-14.1700000762939,24.2800006866455,Shrub,1685.3577791999999,30898.225952000004,-3.0136837893319233,11.2272727272727,6.01220454545455,17.23947727272725
5,C,Intact Sagebrush,1.18,37.17,31.38,1.47,39.47,26.87,1.24,40.83,33.0516431924883,0.88,32.57,37.12189,0.8123316818172777,5913.93935567325,1340.60405877958,1.86,0.1,18.6,46.1,50,0.9103448275862069,0.02,0,0.28,5.41,0.05,15.35,0.15,2013,190.329998135567,117.109999418259,110.319998860359,22.5,-14.1700000762939,24.2800006866455,Shrub,1404.4648160000004,26123.0455776,-2.254683172692392,11.2272727272727,25.7665909090909,36.9938636363636
6,A,Intact Sagebrush,NA,NA,NA,1.36,39.8,29.29,0.82,41.57,50.4276407575004,0.89,26.75,30.19799,-0.19128148915731208,4811.524317546,1243.713436561,1.79,0.1,17.9,49.1,48.7,0.14482758620689656,0.02,0.02,0,5.3,0.02,28.75,0.04,2013,289.810000181198,176.75,175.500000715256,21,-13.4899997711182,21.5499992370605,Shrub,1404.4648160000004,25139.920206400002,-1.618246383107,5.61363636363636,4.16644090909091,9.780077272727269
6,B,Intact Sagebrush,NA,NA,NA,1.76,39.18,22.25,0.99,40.52,41.104020615419,0.88,27.23,30.82748,-0.2518149158013101,4114.896357158,1022.313725146,1.96,0.12,16.3333333333333,69.1,29.3,0.20689655172413793,0.03,0,0,3.01,0,27.6,0.02,2013,289.810000181198,176.75,175.500000715256,21,-13.4899997711182,21.5499992370605,Shrub,1685.3577791999999,27527.5103936,-2.0858891695011934,5.61363636363636,4.15296818181818,9.76660454545454
6,C,Intact Sagebrush,NA,NA,NA,NA,NA,NA,0.78,42.42,54.4918487686438,0.65,35.33,54.45998,-0.3117274867874192,4597.603344155,1026.260673919,1.7,0.11,15.4545454545455,72.9,25.5,0.006896551724137932,0.33,0,0.61,3.7,0,26.7,0.04,2013,289.810000181198,176.75,175.500000715256,21,-13.4899997711182,21.5499992370605,Shrub,1544.9112976000001,23875.901872000002,-1.9653418496980688,5.61363636363636,4.93550909090909,10.54914545454545
7,A,Intact Sagebrush,0.67,41.42,61.98,1.16,34.58,29.92,1.24,39.08,31.5186708605533,0.78,29.1,37.17315,-0.05779752271157354,5064.676173435,948.193701711,2.24,0.1,22.4,84.7,12.6,0.393103448275862,0.32,0,0.45,6.31,0.06,18.05,0.19,2013,377.849994421005,219.789999127388,231.259996414185,21.6299991607666,-11.2799997329712,22.6900005340576,Shrub,1404.4648160000004,31460.011878400008,-3.0228490085713755,5.61363636363636,7.27639545454545,12.89003181818181
7,B,Intact Sagebrush,1.46,40.08,27.46,1.27,38.39,30.13,1.3,40.96,31.4609417005914,0.79,33.73,42.77199,-0.4650788342855452,5405.979543575,1189.73839238,1.56,0.08,19.5,88,8.6,0.296551724137931,0.01,0,0.31,5.81,0,17.55,0.19,2013,377.849994421005,219.789999127388,231.259996414185,21.6299991607666,-11.2799997329712,22.6900005340576,Shrub,1123.5718528,21909.6511296,-2.9650435850551027,5.61363636363636,4.19675454545455,9.81039090909091
7,C,Intact Sagebrush,1.3,38.24,29.46,NA,NA,NA,1.27,41.97,33.0485115766262,0.77,32.13,41.54909,-0.41230610336513934,6974.6880588,1220.57041029,2.17,0.11,19.7272727272727,75,22.5,0.006896551724137932,0.43,0,0.01,4.9,0,22.65,0.28,2013,377.849994421005,219.789999127388,231.259996414185,21.6299991607666,-11.2799997329712,22.6900005340576,Shrub,1544.9112976000001,30476.886507200004,-2.0748849948871495,6.73636363636364,4.65370454545455,11.39006818181819
8,A,Intact Sagebrush,NA,NA,NA,1.28,38.84,30.36,0.96,42.53,44.5108422638982,0.51,40.35,79.60029,-0.5482734924424242,5485.113485355,705.983362725,2.2,0.12,18.3333333333333,78.8,17.9,0.2827586206896552,0.03,0,1.42,6.7,0.11,23.25,0.06,2013,297.480004012585,189.770000636578,176.710003376007,20.6399993896484,-11.7200002670288,21.1599998474121,Shrub,1685.3577791999999,30898.225952000004,-2.896653795725767,4.49090909090909,4.18440454545455,8.67531363636364
8,B,Intact Sagebrush,NA,NA,NA,NA,NA,NA,0.87,42.05,48.1947596451413,0.58,36.4,62.32003,-0.04103441994862109,5643.1245231,727.25617527,2.71,0.13,20.8461538461538,69,29,0.020689655172413793,0,0,2.92,5.3,0.04,30.45,0.02,2013,297.480004012585,189.770000636578,176.710003376007,20.6399993896484,-11.7200002670288,21.1599998474121,Shrub,1825.8042608000003,38060.9965136,-2.1947618320346387,5.61363636363636,4.32025454545455,9.933890909090909
8,C,Intact Sagebrush,NA,NA,NA,1.06,39.47,37.13,0.75,42.13,55.8110578324105,0.67,36.37,54.29548,-0.3893344440233139,5859.054069266,642.319667168,2.14,0.11,19.4545454545455,77.3,18.4,1,0,0,1.33,6.3,0,30.05,0.04,2013,297.480004012585,189.770000636578,176.710003376007,20.6399993896484,-11.7200002670288,21.1599998474121,Shrub,1544.9112976000001,30055.5470624,-4.045122866414486,4.49090909090909,6.58479545454546,11.075704545454549
10,A,Invaded Sagebrush,0.8,39.62,49.77,0.87,41.66,48.14,0.77,41.11,53.286497556676,0.68,35.89,52.7332,-0.012475059685812178,4171.441813272,1058.726933244,1.86,0.09,20.6666666666667,67.4,30.1,0.15172413793103448,2.33,0.01,0.1,4,0.01,24.1,0.07,2013,299.919999957085,166.960000038147,172.490000009537,21.0699996948242,-12.5699996948242,21.7199993133545,Shrub,1264.0183344,26123.0455776,-1.7717350869563049,7.85909090909091,4.0261,11.885190909090909
10,B,Invaded Sagebrush,0.71,40.13,56.5,0.94,35.74,37.98,0.84,42.21,50.3218807372261,0.76,34.08,45.03945,-0.3735026247471917,3932.691451218,1196.837534673,1.39,0.08,17.375,46.3,50.3,0.3448275862068966,0.45,0,0,8,0.02,23.5,0.01,2013,299.919999957085,166.960000038147,172.490000009537,21.0699996948242,-12.5699996948242,21.7199993133545,Shrub,1123.5718528,19522.0609424,-1.968081642789022,6.73636363636364,4.85691818181818,11.59328181818182
10,C,Invaded Sagebrush,0.8,40.59,51.02,NA,NA,NA,0.75,42.89,57.101017093562,0.73,38.16,51.97609,-0.19562747876252157,4478.416094072,1230.16297438,1.63,0.08,20.375,75.7,21.2,0.41379310344827586,1.55,0.1,0.01,5.4,0.01,25.85,0.11,2013,299.919999957085,166.960000038147,172.490000009537,21.0699996948242,-12.5699996948242,21.7199993133545,Shrub,1123.5718528,22892.7765008,-2.7426856846716037,5.61363636363636,4.36179545454545,9.97543181818181
11,A,Invaded Sagebrush,0.89,41.25,46.21,1.23,43.25,35.12,0.74,42.43,57.2185734129928,0.84,38.3,45.33799,-0.011543776198981923,5779.34776136,803.93650766,1.55,0.11,14.0909090909091,36.2,61.8,0.13793103448275862,4.41,0.02,0,1.5,0.13,31.8,0.43,2013,399.180004835129,225.390002846718,231.510001897812,19.6399993896484,-10.2399997711182,19.8099994659424,Shrub,1544.9112976000001,21769.204648000003,-0.3687488810744062,12.35,4.30902727272727,16.65902727272727
11,B,Invaded Sagebrush,0.73,41.93,57.5,NA,NA,NA,0.71,41.23,57.7649498402735,0.83,32.67,39.47343,0.12566532419406684,7434.592819956,819.924115212,1.75,0.11,15.9090909090909,49.6,48.4,0,3.82,0.2,0,1,0.03,36.3,1.02,2013,399.180004835129,225.390002846718,231.510001897812,19.6399993896484,-10.2399997711182,19.8099994659424,Shrub,1544.9112976000001,24578.134280000002,-0.7593170156764559,11.2272727272727,4.37414545454545,15.60141818181815
11,C,Invaded Sagebrush,0.93,40.86,43.79,NA,NA,NA,0.63,41.71,65.8743820970009,0.78,35.22,45.2585,-0.10591383619782861,11318.34004044,710.04430872,1.71,0.11,15.5454545454545,42,56.8,0,1.81,0.23,0,1.8,0.01,40.75,0.04,2013,399.180004835129,225.390002846718,231.510001897812,19.6399993896484,-10.2399997711182,19.8099994659424,Shrub,1544.9112976000001,24016.3483536,-0.8887361104730559,11.2272727272727,3.47596363636364,14.70323636363634
12,A,Invaded Sagebrush,1.04,41.19,39.71,1.44,40.61,28.17,0.96,43.15,44.784964091494,0.78,34.22,43.9072,0.22096666767975215,12065.1956577,1149.7962825,2.37,0.12,19.75,32.5,65.9,0,2.12,0,0,2.73,0,28.75,0.15,2013,255.559998929501,159.589999377728,150.22000002861,20.9599990844727,-12.2399997711182,21.5499992370605,Shrub,1685.3577791999999,33285.816139200004,-0.3040706765963083,6.73636363636364,4.56837727272727,11.30474090909091
12,B,Invaded Sagebrush,0.99,40.81,41.12,NA,NA,NA,0.88,43.57,49.7720963706775,0.78,35.52,45.25602,1.5561167599660743,11251.322126484,973.396825192,2.51,0.12,20.9166666666667,30.31,67.4,0,2.51,0,0.11,4.41,0.02,27.6,0.1,2013,255.559998929501,159.589999377728,150.22000002861,20.9599990844727,-12.2399997711182,21.5499992370605,Shrub,1685.3577791999999,35252.066881599996,-0.37779042223603193,5.61363636363636,4.8670227272727304,10.48065909090909
12,C,Invaded Sagebrush,0.87,38.67,44.7,NA,NA,NA,0.68,42.29,62.3299683147889,0.87,34,39.29393,0.7583172395810807,5772.37076535,1103.64824696,2.3,0.11,20.9090909090909,66.2,31.01,0,2.62,0,0.23,4.32,0.34,27.8,0.17,2013,255.559998929501,159.589999377728,150.22000002861,20.9599990844727,-12.2399997711182,21.5499992370605,Shrub,1544.9112976000001,32302.690768,-1.6415046654572207,5.61363636363636,7.69741818181818,13.311054545454539
13,A,Invaded Sagebrush,0.77,41.5,53.65,1.39,40.22,28.97,0.84,42.54,50.560342266326,0.64,32.84,51.06426,-0.39461171711535364,5389.75299132,1147.495798152,1.83,0.09,20.3333333333333,24.4,73.1,0.013793103448275864,0.85,0,0,5.7,0.03,28.3,0.04,2013,420.569995939732,248.880000114441,250.759995520115,20.0400009155273,-11.4799995422363,20.2700004577637,Shrub,1264.0183344,25701.7061328,-0.5240405419543098,4.49090909090909,4.11704090909091,8.60795
13,B,Invaded Sagebrush,0.85,41.55,48.76,NA,NA,NA,0.84,42.87,51.2223682638308,0.74,36.63,49.23586,-0.11771009369768556,5017.554112333,915.649350609,2.03,0.07,29,18.2,69.8,0.006896551724137932,3.71,0.1,0,3.51,0.09,19.3,9.74,2013,420.569995939732,248.880000114441,250.759995520115,20.0400009155273,-11.4799995422363,20.2700004577637,Shrub,983.1253712000002,28510.635764799998,0.3411429098426719,4.49090909090909,4.34607727272727,8.83698636363636
13,C,Invaded Sagebrush,0.88,38.3,43.46,NA,NA,NA,0.83,43.28,52.3693700234759,0.66,29.95,45.52294,-0.4119956755361946,3470.836602779,725.973856517,1.85,0.09,20.5555555555556,19.9,74.2,0,2.8,0.02,0.3,2.91,0.18,21.75,3.77,2013,420.569995939732,248.880000114441,250.759995520115,20.0400009155273,-11.4799995422363,20.2700004577637,Shrub,1264.0183344,25982.599096000005,0.31402858677667495,4.49090909090909,4.02497727272727,8.51588636363636
14,A,Invaded Sagebrush,0.93,41.36,44.57,2.73,42.02,15.37,NA,NA,NA,1.53,31.46,20.6248,1.2764212860879043,11145.485271477,1361.499702738,1.3,0.1,13,63.6,35.2,0.6965517241379311,0.75,0,0,0,0,28.2,0.12,2013,221.080003172159,132.600001424551,139.120001912117,22.0599994659424,-13.9099998474121,23.2099990844727,Shrub,1404.4648160000004,18258.042608000003,-2.164492329994096,10.1045454545455,3.18405454545455,13.28860000000005
14,B,Invaded Sagebrush,1.1,41.12,37.34,NA,NA,NA,NA,NA,NA,1.11,35.5,31.99081,7.420098448710238,6736.80808087,1500.90620492,1.25,0.07,17.8571428571429,60.9,38,0.006896551724137932,2.22,0.1,0,0,0.2,21.16,0.54,2013,221.080003172159,132.600001424551,139.120001912117,22.0599994659424,-13.9099998474121,23.2099990844727,Shrub,983.1253712000002,17555.8102,-0.7289565036168301,13.4727272727273,3.30194090909091,16.77466818181821
14,C,Invaded Sagebrush,1,38.1,38.21,NA,NA,NA,NA,NA,NA,0.85,32.73,38.34142,-0.18848763869681887,6181.772684448,1454.970970116,1.38,0.08,17.25,27.1,71.6,0,3.82,0,0,0.2,0.01,23.55,0.42,2013,221.080003172159,132.600001424551,139.120001912117,22.0599994659424,-13.9099998474121,23.2099990844727,Shrub,1123.5718528,19381.6144608,0.5160281579801709,6.73636363636364,3.62865454545455,10.36501818181819
16,A,Cheatgrass-dominated,0.81,41.93,51.99,1.19,39.48,33.08,1.14,43.57,38.2502194907814,0.98,35.72,36.29094,-0.12019351632923209,7582.655544953,1059.399456457,2.65,0.14,18.9285714285714,6.45,88.65,0,5.2,6.27,0,0,0.185,0,0.015,2013,416.449994802475,246.819999456406,244.039996147155,19.8199996948242,-10.1800003051758,20.0100002288818,Grass,1966.2507424000005,37218.317624,2.443278453742167,4.49090909090909,4.99164545454545,9.48255454545454
16,B,Cheatgrass-dominated,0.74,41.94,56.81,1.29,39.49,30.69,1.15,43.68,37.9026379729261,1.03,37.55,36.50399,-0.49208605540363853,8041.585009235,912.973007325,2.58,0.13,19.8461538461538,1.96,93.85,0,3.1,7.385,0,0.405,0.1,0,0,2013,416.449994802475,246.819999456406,244.039996147155,19.8199996948242,-10.1800003051758,20.0100002288818,Grass,1825.8042608000003,36235.19225280001,2.4465024801558872,5.61363636363636,5.01073181818182,10.62436818181818
16,C,Cheatgrass-dominated,0.77,39.3,51.27,1.47,40.13,27.27,NA,NA,NA,1,38.02,37.98481,-0.16830982981548717,7593.636959596,990.673797024,2.39,0.13,18.3846153846154,6.5,89.9,0,3.15,7.725,0,0.22,0.1,0,0.005,2013,416.449994802475,246.819999456406,244.039996147155,19.8199996948242,-10.1800003051758,20.0100002288818,Grass,1825.8042608000003,33566.709102400004,2.346127500497011,5.61363636363636,5.43736818181818,11.05100454545454
18,A,Cheatgrass-dominated,0.76,40.94,53.61,1.45,40.11,27.73,NA,NA,NA,0.93,30.76,33.16727,-0.45700771073301466,4559.421950249,1169.709701973,1.68,0.1,16.8,15.47,82.39,0,4.17,5.53,0.01,1.72,0.12,0,4.5,2013,420.569995939732,248.880000114441,250.759995520115,20.0400009155273,-11.4799995422363,20.2700004577637,Grass,1404.4648160000004,23595.008908800002,1.8184211695256929,5.61363636363636,4.51897727272727,10.13261363636363
18,B,Cheatgrass-dominated,0.81,41.06,50.7,1.34,40.83,30.57,NA,NA,NA,1.17,34.34,29.38308,-0.6947954277037941,4276.545454446,995.515151492,1.78,0.1,17.8,15.47,82.39,0,4.17,5.53,0.01,1.72,0.12,0,4.5,2013,420.569995939732,248.880000114441,250.759995520115,20.0400009155273,-11.4799995422363,20.2700004577637,Grass,1404.4648160000004,24999.473724800002,1.8184211695256929,5.61363636363636,4.48754090909091,10.10117727272727
18,C,Cheatgrass-dominated,0.84,39.26,46.49,1.26,40.06,31.77,NA,NA,NA,0.91,31.57,34.69403,-0.6212240322441647,4408.628638218,1051.523130198,1.86,0.11,16.9090909090909,15.47,82.39,0,4.17,5.53,0.01,1.72,0.12,0,4.5,2013,420.569995939732,248.880000114441,250.759995520115,20.0400009155273,-11.4799995422363,20.2700004577637,Grass,1544.9112976000001,26123.0455776,1.8184211695256929,5.61363636363636,4.40221363636364,10.01585
19,A,Cheatgrass-dominated,0.92,42.14,45.7,1.03,45.01,43.74,NA,NA,NA,0.85,33.86,39.73132,0.3913915457697832,6490.46856229867,1161.39377527433,2.71,0.14,19.3571428571429,0.7,89.3,0,3.2,4.32,0,0.3,0.11,0,7.42,2013,243.01999849081,153.099997282028,152.260000765324,22.0799999237061,-13.8299999237061,23.1599998474121,Grass,1966.2507424000005,38060.9965136,2.209050619942581,4.49090909090909,5.02757272727273,9.51848181818182
19,B,Cheatgrass-dominated,1.26,41.9,33.22,1.25,43.79,35.03,NA,NA,NA,0.81,34.55,42.85927,0.10238323702331094,6262.63533365633,1141.9445972195,2.17,0.11,19.7272727272727,0.51,87,0,4.9,4.61,0,0.3,0.08,0,9.12,2013,243.01999849081,153.099997282028,152.260000765324,22.0799999237061,-13.8299999237061,23.1599998474121,Grass,1544.9112976000001,30476.886507200004,2.344360329596402,4.49090909090909,4.3269909090909104,8.817900000000002
19,C,Cheatgrass-dominated,1.37,41.5,30.21,1.42,43.86,30.96,NA,NA,NA,0.78,34.89,44.8069,0.29267549616571814,6289.03064673075,1098.87856009808,2.5,0.12,20.8333333333333,0,92.7,0,5.5,4.9,0.4,0.4,0.09,0,3.71,2013,243.01999849081,153.099997282028,152.260000765324,22.0799999237061,-13.8299999237061,23.1599998474121,Grass,1685.3577791999999,35111.6204,2.516695171492021,5.61363636363636,5.12300454545455,10.736640909090909
20,A,Cheatgrass-dominated,1.21,40.8,33.79,1.52,44.98,29.63,NA,NA,NA,0.88,32.49,36.73582,-0.36201679507627904,5422.15299628675,1269.75348157983,1.29,0.08,16.125,33.5,62.5,0,5.3,4.15,0,0,0.07,0,1.92,2013,243.01999849081,153.099997282028,152.260000765324,22.0799999237061,-13.8299999237061,23.1599998474121,Grass,1123.5718528,18117.596126400003,1.3732697582739448,6.73636363636364,4.31015,11.04651363636364
20,B,Cheatgrass-dominated,1.13,40.62,35.85,1.67,44.1,26.43,NA,NA,NA,0.78,34.9,44.96496,-0.45204086546991673,4983.15726304908,1139.16614321167,1.4,0.09,15.5555555555556,14.3,81.9,0,3.8,4.33,1.5,0,0.08,0,1.42,2013,243.01999849081,153.099997282028,152.260000765324,22.0799999237061,-13.8299999237061,23.1599998474121,Grass,1264.0183344,19662.507424,1.931683977423972,4.49090909090909,4.1743,8.66520909090909
20,C,Cheatgrass-dominated,0.97,39.53,40.77,1.62,44.01,27.2,NA,NA,NA,0.72,37.27,51.67753,-0.6761697579671785,4942.8696799355,1237.80126048975,1.35,0.08,16.875,39.7,56.7,0,5.8,4.22,0,0,0.01,0,1.03,2013,243.01999849081,153.099997282028,152.260000765324,22.0799999237061,-13.8299999237061,23.1599998474121,Grass,1123.5718528,18960.275016000003,1.2110679610104063,3.36818181818182,3.41196818181818,6.78015
21,A,Cheatgrass-dominated,1.03,41.48,40.35,1.99,42.25,21.25,NA,NA,NA,0.79,35.52,44.8599,-0.0311007294224276,9691.24757932267,893.272963518417,1.64,0.09,18.2222222222222,13.6,83.3,0,3.9,4.84,1.41,0,0.08,0,0.44,2013,235.87999919802,153.370000004768,142.359998263419,22.1800003051758,-14.4099998474121,23.2900009155273,Grass,1264.0183344,23033.2229824,2.011352645719231,5.61363636363636,4.31127272727273,9.92490909090909
21,B,Cheatgrass-dominated,0.89,40.91,46.18,1.66,43.1,25.92,NA,NA,NA,0.76,34.76,45.95248,-0.4126165311940806,9769.044291542,882.159147487083,1.48,0.08,18.5,4.9,91.6,0,4.8,5.57,0.01,0,0.07,0,1.12,2013,235.87999919802,153.370000004768,142.359998263419,22.1800003051758,-14.4099998474121,23.2900009155273,Grass,1123.5718528,20786.079276800003,2.4413362646172967,4.49090909090909,4.58521818181818,9.07612727272727
21,C,Cheatgrass-dominated,1.05,39.89,38,1.64,43.6,26.51,NA,NA,NA,0.84,32.19,38.21962,0.19768458050899673,5948.67003077117,1061.36943099233,1.61,0.09,17.8888888888889,16.8,79.4,0,4.4,6.06,0.8,0,0.09,0,1.23,2013,235.87999919802,153.370000004768,142.359998263419,22.1800003051758,-14.4099998474121,23.2900009155273,Grass,1264.0183344,22611.883537600002,2.010463081053374,7.85909090909091,4.82660454545455,12.68569545454546
22,A,Cheatgrass-dominated,1.26,40.66,32.33,2.5,38.77,15.52,1.93,42.35,21.9929379997923,0.79,32.15,40.49547,-0.37971118132606174,5068.982260232,1133.083779114,1.61,0.1,16.1,12.5,85.2,0,3.1,3.41,0,2.1,0.06,0,0.01,2013,348.020000457764,210.750003695488,201.569996118545,20.6499996185303,-11.1000003814697,21.1800003051758,Grass,1404.4648160000004,22611.883537600002,1.6381119402976179,4.49090909090909,4.3719,8.86280909090909
22,B,Cheatgrass-dominated,0.96,40.77,42.55,1.94,41.25,21.21,1.77,43.4,24.57778784618,0.95,32.59,34.23881,-0.449247015009423,4880.052287033,1091.062558234,1.5,0.09,16.6666666666667,17.4,80.7,0,2.91,3.33,0,2.2,0.07,0,0.02,2013,348.020000457764,210.750003695488,201.569996118545,20.6499996185303,-11.1000003814697,21.1800003051758,Grass,1264.0183344,21066.972240000003,1.4370331274952797,3.36818181818182,3.88014545454545,7.24832727272727
22,C,Cheatgrass-dominated,1.03,40.62,39.48,1.98,42.32,21.36,1.86,42.77,22.9660652920962,0.82,29.43,35.69739,-0.45576599941724016,4686.644258195,1127.26050432,1.78,0.1,17.8,18.9,78.7,0,3.31,4.62,0,1.01,0.05,0,0.01,2013,348.020000457764,210.750003695488,201.569996118545,20.6499996185303,-11.1000003814697,21.1800003051758,Grass,1404.4648160000004,24999.473724800002,1.643087111172933,4.49090909090909,4.48641818181818,8.977327272727269
23,A,Cheatgrass-dominated,1.62,41.46,25.66,2.87,40.29,14.06,NA,NA,NA,1.01,33.69,33.27966,-0.5731077187579126,8717.055851218,1286.122994442,2.15,0.11,19.5454545454545,1.01,96,0,6.3,0.74,0.01,0.21,0,0,1.5,2013,398.86999821662903,246.799997806549,239.549998044968,18.9099998474121,-10.6099996566772,18.3799991607666,Grass,1544.9112976000001,30195.993544,2.3836351677290906,5.61363636363636,4.85242727272727,10.466063636363629
23,B,Cheatgrass-dominated,1.51,41.46,27.41,2.41,40.46,16.79,NA,NA,NA,1.17,35.73,30.59332,-0.356429094155295,6888.114082116,1336.080808104,2.11,0.11,19.1818181818182,0.4,98.4,0,3.1,1.55,0,0,0,0,0,2013,398.86999821662903,246.799997806549,239.549998044968,18.9099998474121,-10.6099996566772,18.3799991607666,Grass,1544.9112976000001,29634.2076176,2.225514314475215,5.61363636363636,5.30600909090909,10.91964545454545
23,C,Cheatgrass-dominated,1.4,40.92,29.32,NA,NA,NA,NA,NA,NA,1.07,37.5,34.9492,-0.7900967711894713,6553.95365244,1168.89839541,1.89,0.1,18.9,3.11,85.4,0,2.3,1.62,0,0,0,0,0.01,2013,398.86999821662903,246.799997806549,239.549998044968,18.9099998474121,-10.6099996566772,18.3799991607666,Grass,1404.4648160000004,26544.3850224,1.8765321135674657,4.49090909090909,4.27871363636364,8.76962272727273
24,A,Cheatgrass-dominated,1.6,39.68,24.78,2.73,42.75,15.68,NA,NA,NA,0.86,32.37,37.73035,-0.29962080145862097,4431.622104948,1357.81342888,1.21,0.08,15.125,43.2,54.9,0,4.9,1.6,0.2,0,0.12,0,0.32,2013,221.080003172159,132.600001424551,139.120001912117,22.0599994659424,-13.9099998474121,23.2099990844727,Grass,1123.5718528,16994.0242736,0.8652963006479936,5.61363636363636,3.62079545454545,9.23443181818181
24,B,Cheatgrass-dominated,1.33,41.1,30.92,2.12,42.56,20.05,NA,NA,NA,0.8,30.59,38.20528,-0.4045454076415501,6003.096511328,1672.704354468,1.27,0.07,18.1428571428571,24.4,73.5,0,4.7,3.41,0.1,0,0.05,2.1,0.37,2013,221.080003172159,132.600001424551,139.120001912117,22.0599994659424,-13.9099998474121,23.2099990844727,Grass,983.1253712000002,17836.703163200003,1.5640405329833915,7.85909090909091,3.92617727272727,11.78526818181818
24,C,Cheatgrass-dominated,NA,NA,NA,NA,NA,NA,NA,NA,NA,0.76,31.55,41.60108,-0.22480769468321996,5318.17163349,1495.99694457,1.37,0.08,17.125,34.7,64.1,0,3.5,1.16,0,0,0,0.6,0.15,2013,221.080003172159,132.600001424551,139.120001912117,22.0599994659424,-13.9099998474121,23.2099990844727,Grass,1123.5718528,19241.167979200003,1.0048785523376766,7.85909090909091,3.5815,11.440590909090911
25,A,Cheatgrass Dieoff,0.69,41.36,59.55,1.46,40.15,27.56,1.06,44.61,42.1483230987246,0.87,31.02,35.5911,-0.12950635119753956,5646.588234392,769.731092314,2.6,0.13,20,6.4,14.71,0,1.9,6.72,0,0.9,0,0,75.6,2013,311.779999732971,176.710001349449,178.579998493195,21.6800003051758,-12.7399997711182,22.6100006103516,Grass,1825.8042608000003,36516.08521600001,0.7328056084521197,7.85909090909091,4.62114545454545,12.48023636363636
25,B,Cheatgrass Dieoff,0.68,42.06,61.63,1.46,40.09,27.52,NA,NA,NA,0.85,34.43,40.35729,-0.13975046955267775,6021.71122962,743.525846662,2.74,0.13,21.0769230769231,3.2,56.4,0,2.5,7.61,0,1.3,0,0,36.3,2013,311.779999732971,176.710001349449,178.579998493195,21.6800003051758,-12.7399997711182,22.6100006103516,Grass,1825.8042608000003,38482.335958400006,1.6007723022187297,6.73636363636364,4.33709545454546,11.0734590909091
25,C,Cheatgrass Dieoff,0.74,41.07,55.86,1.05,39.6,37.64,NA,NA,NA,0.88,34.51,39.1511,-0.369467062970924,5802.320344548,758.972243211,2.98,0.14,21.2857142857143,2.7,56.8,0,2.4,7.31,0,1.6,0,0,36.21,2013,311.779999732971,176.710001349449,178.579998493195,21.6800003051758,-12.7399997711182,22.6100006103516,Grass,1966.2507424000005,41853.0515168,1.5507930002741706,6.73636363636364,4.58297272727273,11.31933636363637
26,A,Cheatgrass Dieoff,1.43,40.49,28.27,2.75,39.2,14.26,1.34,42.14,31.4823670053796,0.72,31.67,43.86808,-0.377538186523457,5877.539090096,1411.3190735,1.65,0.08,20.625,37.9,53.4,0,2.73,2.81,0,13.5,0.07,0,1.09,2013,303.699998497963,177.180001616478,175.419997215271,21.4599990844727,-12.8500003814697,22.3099994659424,Grass,1123.5718528,23173.669464000002,-0.8635266090825126,5.61363636363636,4.80190454545455,10.415540909090911
26,B,Cheatgrass Dieoff,1.44,39.98,27.83,2.46,42.46,17.26,1.42,41.5,29.1657295473714,0.72,37.34,51.56088,0.5863402223463416,5261.811646875,1200.4767,1.74,0.09,19.3333333333333,53.9,40.1,0,1.46,4.44,0,8.5,0.26,0,0.5,2013,303.699998497963,177.180001616478,175.419997215271,21.4599990844727,-12.8500003814697,22.3099994659424,Grass,1264.0183344,24437.6877984,-0.7696337066835687,12.35,11.4069090909091,23.756909090909097
26,C,Cheatgrass Dieoff,1.53,40.21,26.21,NA,NA,NA,1.21,42.55,35.1511647117132,0.69,37.96,55.23444,0.03160569202417518,4659.919192271,1053.24166038,1.75,0.1,17.5,36.1,60.4,0.13793103448275862,1.82,2.35,0,5.7,0.16,0,0.09,2013,303.699998497963,177.180001616478,175.419997215271,21.4599990844727,-12.8500003814697,22.3099994659424,Grass,1404.4648160000004,24578.134280000002,-0.048386803252179755,8.98181818181818,5.5081,14.48991818181818
27,A,Cheatgrass Dieoff,1.59,41,25.85,3.09,41.71,13.48,1.48,42.79,29.0048806941432,0.74,34.35,46.72525,-0.026754739817215156,3454.08199668,916.38910116,1.46,0.08,18.25,37,58.8,0.006896551724137932,3.9,3.52,3.3,0,0.1,0,0.55,2013,292.630001097918,162.559997975826,168.830004215241,21.4200000762939,-12.8800001144409,22.2099990844727,Grass,1123.5718528,20505.1863136,1.067704961541613,4.49090909090909,6.12672272727273,10.61763181818182
27,B,Cheatgrass Dieoff,1.27,41.33,32.54,2.6,41.91,16.14,1.35,42.29,31.2702402957486,0.69,38.18,55.0574,-0.32724887823459714,3946.1505824,1046.963076393,1.4,0.08,17.5,41,54.5,0,3.6,3.43,4.8,0,0.19,0,0.94,2013,292.630001097918,162.559997975826,168.830004215241,21.4200000762939,-12.8800001144409,22.2099990844727,Grass,1123.5718528,19662.507424,0.8975377591032074,4.49090909090909,8.86056363636364,13.35147272727273
27,C,Cheatgrass Dieoff,1.35,41.06,30.45,2.74,42.29,15.42,1.33,42.56,31.9879744456971,0.47,42.8,90.81804,-0.2962060953402417,4400.16594564,1150.52075388,1.49,0.09,16.5555555555556,36.7,59.6,0.06896551724137931,4,5,1.1,0,0.1,0,0.43,2013,292.630001097918,162.559997975826,168.830004215241,21.4200000762939,-12.8800001144409,22.2099990844727,Grass,1264.0183344,20926.5257584,1.103899490557747,3.36818181818182,5.05451818181818,8.422699999999999
28,A,Cheatgrass Dieoff,1.4,40.84,29.23,3.21,36.99,11.52,NA,NA,NA,0.8,37.55,47.12163,-0.11212239277669862,5602.33800148,1332.26330523,1.26,0.07,18,52.7,45.7,0,2.01,0.95,0,1.72,0,0,0.03,2013,240.820001602173,144.090000629425,140.860001087189,21.6399993896484,-13.8299999237061,22.6100006103516,Grass,983.1253712000002,17696.2566816,0.016112211041148128,10.1045454545455,5.94371818181818,16.04826363636368
28,B,Cheatgrass Dieoff,1.41,41.44,29.31,3.07,39.52,12.89,NA,NA,NA,0.76,40.58,53.70861,-0.37567561954979645,5595.689837934,1355.604277678,1.35,0.09,15,49.8,47.1,0,2.33,3.3,0,1.32,0.05,0,0.02,2013,240.820001602173,144.090000629425,140.860001087189,21.6399993896484,-13.8299999237061,22.6100006103516,Grass,1264.0183344,18960.275016000003,0.32361454637602793,6.73636363636364,7.08777727272727,13.82414090909091
28,C,Cheatgrass Dieoff,1.38,39.76,28.86,2.7,41.9,15.5,NA,NA,NA,0.69,41.52,60.32371,-0.8403860794783311,5566.44240835,1414.28045185,1.15,0.07,16.4285714285714,43.2,54.2,0,4,1.75,0,0.61,0,0,0.01,2013,240.820001602173,144.090000629425,140.860001087189,21.6399993896484,-13.8299999237061,22.6100006103516,Grass,983.1253712000002,16151.345384,0.7049975862527124,6.73636363636364,5.18250909090909,11.91887272727273
1,A,Intact Sagebrush,0.77,42.81,55.5974026,1.07,41.93,39.18691589,0.49,44.09,89.97959184,1.43,27.27,19.06993007,-0.040050824614865074,3167.36,801.92,1.24,0.09,13.77777778,39.90909091,55.45454545,0.07158351411531096,7.431818182,0,0,4.204545455,0.090909091,25.1,0.863636364,2016,546.702997207642,294.57999920845,357.172996282577,19.8859996795654,-5.92000007629395,17.9650001525879,Shrub,1264.0183344,17415.3637184,-0.3149394411734394,0.3,0,0.3
1,B,Intact Sagebrush,0.52,43.49,83.63461538,0.81,42.56,52.54320988,0.56,44.09,78.73214286,1.3,31.32,24.09230769,-0.2833831462587806,3432.8,820.96,1.44,0.1,14.4,34.86363636,57.04545455,0.19088937097416253,7.840909091,0.022727273,0,4.954545455,0.045454545,21.6,1.227272727,2016,546.702997207642,294.57999920845,357.172996282577,19.8859996795654,-5.92000007629395,17.9650001525879,Shrub,1404.4648160000004,20224.2933504,-0.31949112209592867,0.32,0,0.32
1,C,Intact Sagebrush,0.64,43.27,67.609375,0.7,41.38,59.11428571,0.49,43.63,89.04081633,0.7,41.19,58.84285714,0.3837815290466024,3433.92,782.88,1.37,0.09,15.22222222,32.13636364,62.77272727,0.06182212580516748,10.77272727,0.022727273,0.045454545,4.272727273,0,22.2,1.045454545,2016,546.702997207642,294.57999920845,357.172996282577,19.8859996795654,-5.92000007629395,17.9650001525879,Shrub,1264.0183344,19241.167979200003,0.3489643020182201,0.34,0,0.34
2,A,Intact Sagebrush,0.86,42.08,48.93023256,NA,NA,NA,0.55,44.24,80.43636364,1.39,28.39,20.42446043,-0.2151244316192316,3220,819.84,1.67,0.11,15.18181818,71.13636364,25.77272727,0.015184381773358867,1.090909091,0.022727273,0,3.977272727,0.022727273,25.45,1.181818182,2016,715.837003707886,352.010004520416,475.893000602722,16.9939994812012,-4.80999994277954,14.33899974823,Shrub,1544.9112976000001,23454.5624272,-1.8681305433277622,0.36,0,0.36
2,B,Intact Sagebrush,0.59,42.11,71.37288136,NA,NA,NA,0.49,43.89,89.57142857,1.15,25.22,21.93043478,-0.6635184984982775,2976.96,796.32,1.35,0.1,13.5,62.68181818,34.68181818,0.009761388310143468,2.204545455,0,0,4.636363636,0.022727273,21.22,0.909090909,2016,715.837003707886,352.010004520416,475.893000602722,16.9939994812012,-4.80999994277954,14.33899974823,Shrub,1404.4648160000004,18960.275016000003,-1.4089683561367714,0.82,0,0.82
2,C,Intact Sagebrush,0.62,42.93,69.24193548,0.62,40.9,65.96774194,0.49,43.85,89.48979592,1.1,27.72,25.2,-0.6149662746960878,3293.92,908.32,1.45,0.1,14.5,65.61904762,30.42857143,0.0227765726600383,1.295454545,0.022727273,0,5.590909091,0.022727273,27.55,1,2016,715.837003707886,352.010004520416,475.893000602722,16.9939994812012,-4.80999994277954,14.33899974823,Shrub,1404.4648160000004,20364.739832000003,-1.9436403992781857,0.34,0,0.34
3,A,Intact Sagebrush,0.82,43.21,52.69512195,1.18,40.13,34.00847458,0.55,44.7,81.27272727,1.34,36.24,27.04477612,-0.5404243310939024,3716.16,869.12,1.66,0.11,15.09090909,67.22727273,24,0.06941431673956927,0.840909091,0.227272727,0,6.25,0.136363636,15.85,1.5,2016,466.001001358032,223.120000362396,344.811003684998,20.5149993896484,-5.71000003814697,18.7180004119873,Shrub,1544.9112976000001,23314.115945600002,-1.9147735861654407,0.38,0,0.38
3,B,Intact Sagebrush,0.71,42.99,60.54929577,NA,NA,NA,0.48,44.87,93.47916667,0.91,33.29,36.58241758,-0.4019076925994201,3837.12,864.64,1.56,0.11,14.18181818,60.40909091,33.95454545,0.06941431673956927,0.477272727,0.090909091,0.022727273,5.840909091,0.022727273,17.25,1.659090909,2016,466.001001358032,223.120000362396,344.811003684998,20.5149993896484,-5.71000003814697,18.7180004119873,Shrub,1544.9112976000001,21909.6511296,-1.650046133415606,0.38,0,0.38
3,C,Intact Sagebrush,0.79,43.62,55.21518987,0.96,41.76,43.5,0.44,44.39,100.8863636,0.97,26.73,27.55670103,-0.20370037895989276,3984.96,871.36,1.92,0.12,16,74.95454545,19.77272727,0.0401301518568612,0.613636364,0.068181818,0,7.25,0.045454545,14.2,1.431818182,2016,466.001001358032,223.120000362396,344.811003684998,20.5149993896484,-5.71000003814697,18.7180004119873,Shrub,1685.3577791999999,26965.724467199998,-2.1892487752946113,0.34,0,0.34
6,A,Intact Sagebrush,0.56,43.3,77.32142857,0.78,41.61,53.34615385,0.59,45.12,76.47457627,1.06,27.43,25.87735849,-0.24482696853351227,6116.32,799.68,1.82,0.12,15.16666667,40.59090909,47.18181818,0.3058568330338084,0.5,1.727272727,0,7.045454545,0.068181818,28.75,1.636363636,2016,492.973999977112,265.720001578331,321.820999741554,19.9759998321533,-7.01999998092651,17.9200000762939,Shrub,1685.3577791999999,25561.259651200002,-1.789944003748289,0.34,0,0.34
6,B,Intact Sagebrush,0.53,43.03,81.18867925,0.84,42.04,50.04761905,0.54,44.97,83.27777778,1.08,27.37,25.34259259,-0.41190373867634145,7199.36,796.32,2.16,0.13,16.61538462,37.45454545,43.63636364,0.6030368766600948,0.318181818,1.863636364,0.159090909,6.727272727,0,27.6,2.227272727,2016,492.973999977112,265.720001578331,321.820999741554,19.9759998321533,-7.01999998092651,17.9200000762939,Shrub,1825.8042608000003,30336.440025600004,-2.158699599180239,0.26,0,0.26
6,C,Intact Sagebrush,0.68,40.25,59.19117647,0.8,40.86,51.075,0.44,44.99,102.25,1.12,28.2,25.17857143,-0.3493570503664618,5930.4,763.84,1.94,0.13,14.92307692,51.65909091,29.40909091,0.5824295009940194,0.181818182,1.954545455,0.090909091,7,0.090909091,26.7,3.113636364,2016,492.973999977112,265.720001578331,321.820999741554,19.9759998321533,-7.01999998092651,17.9200000762939,Shrub,1825.8042608000003,27246.6174304,-2.6456658042133534,0.26,0,0.26
7,A,Intact Sagebrush,0.48,41.28,86,0.68,40.82,60.02941176,0.46,44.15,95.97826087,1.05,29.43,28.02857143,-0.29909121866537136,3245.76,767.2,1.49,0.1,14.9,50.54545455,41.13636364,0.13774403471968416,0.159090909,0.136363636,0.590909091,7.795454545,0,18.05,2.045454545,2016,555.812999606133,279.280001044273,393.81999826431303,19.2630004882812,-5.65000009536743,17.0240001678467,Shrub,1404.4648160000004,20926.5257584,-1.739578956796289,0.22,0,0.22
7,B,Intact Sagebrush,0.88,42.18,47.93181818,0.62,41.27,66.56451613,0.56,44.41,79.30357143,0.87,24.2,27.81609195,-0.3704915477862386,3707.2,771.68,1.32,0.1,13.2,58.18181818,33.54545455,0.12255965294632529,0,0.045454545,0.681818182,7.113636364,0,17.55,3.386363636,2016,555.812999606133,279.280001044273,393.81999826431303,19.2630004882812,-5.65000009536743,17.0240001678467,Shrub,1404.4648160000004,18538.935571200003,-1.9080347023153093,0.2,0,0.2
7,C,Intact Sagebrush,0.65,43.14,66.36923077,0.96,40.24,41.91666667,0.37,44.72,120.8648649,NA,NA,NA,-0.56327243641258,3345.44,745.92,1.48,0.1,14.8,57.77272727,35.27272727,0.041214750568593216,0.045454545,0.045454545,0.181818182,7.681818182,0,22.65,3,2016,555.812999606133,279.280001044273,393.81999826431303,19.2630004882812,-5.65000009536743,17.0240001678467,Shrub,1404.4648160000004,20786.079276800003,-1.971856723518818,0,0,0
8,A,Intact Sagebrush,0.67,40.68,60.71641791,0.92,39.81,43.27173913,0.4,44.65,111.625,1.24,34.15,27.54032258,0.012499817618093143,4735.36,680.96,1.98,0.13,15.23076923,55.22727273,32.95454545,0.3665943601749662,0.227272727,1.090909091,0.5,7.863636364,0.659090909,23.25,1.590909091,2016,515.441999912262,269.229999065399,342.374001026154,19.7479991912842,-4.48999977111816,17.8799991607666,Shrub,1825.8042608000003,27808.4033568,-2.3912395422811064,0,0,0
8,B,Intact Sagebrush,0.58,42.96,74.06896552,0.62,43.41,70.01612903,1.08,24.56,22.74074074,1.21,25.88,21.38842975,0.268969799820248,5242.72,629.44,2.17,0.13,16.69230769,28.63636364,57.90909091,0.3275488070298371,0.136363636,1.409090909,1.159090909,10.68181818,0.386363636,30.45,0.727272727,2016,515.441999912262,269.229999065399,342.374001026154,19.7479991912842,-4.48999977111816,17.8799991607666,Shrub,1825.8042608000003,30476.886507200004,-1.9759685826311646,0.26,0.32,0.5800000000000001
8,C,Intact Sagebrush,0.59,41.48,70.30508475,0.89,41.18,46.26966292,0.44,44.17,100.3863636,NA,NA,NA,0.018783046580729407,5725.44,639.52,2.18,0.14,15.57142857,40.54545455,46.09090909,0.40997830811930114,0.545454546,0.727272727,1.681818182,7.340909091,0.522727273,30.05,1.477272727,2016,515.441999912262,269.229999065399,342.374001026154,19.7479991912842,-4.48999977111816,17.8799991607666,Shrub,1966.2507424000005,30617.332988800004,-2.0944323386616155,0,0,0
10,A,Invaded Sagebrush,0.79,41.55,52.59493671,0.79,39.67,50.21518987,0.52,44.16,84.92307692,1.05,30.57,29.11428571,-0.2668182699027393,2784.32,872.48,1.03,0.08,12.875,48.13636364,42.27272727,0.23535791763022945,2.363636364,0.113636364,0.022727273,7.295454545,0.227272727,24.1,1.090909091,2016,505.956999540329,270.91000020504,327.596000313759,19.8169994354248,-5.76000022888184,17.9750003814697,Shrub,1123.5718528,14465.987604800002,-1.7366769228394525,0,0,0
10,B,Invaded Sagebrush,0.54,42.74,79.14814815,0.73,42.66,58.43835616,0.77,43.58,56.5974026,1.07,29.78,27.8317757,-0.351927462214813,2744,770.56,1.1,0.08,13.75,47.5,45.68181818,0.10303687637376072,2.977272727,0.295454546,0.181818182,4.386363636,0.204545455,23.5,1.159090909,2016,505.956999540329,270.91000020504,327.596000313759,19.8169994354248,-5.76000022888184,17.9750003814697,Shrub,1123.5718528,15449.112976000002,-1.0281169117026536,0,0,0
10,C,Invaded Sagebrush,0.62,42.88,69.16129032,0.77,37.17,48.27272727,0.53,43.05,81.22641509,0.95,30.14,31.72631579,-0.351927462214813,2786.56,819.84,1.19,0.08,14.875,73.13636364,19.77272727,0.07809110629025837,2.5,0.386363636,0.045454545,5.522727273,0.318181818,25.85,2.068181818,2016,505.956999540329,270.91000020504,327.596000313759,19.8169994354248,-5.76000022888184,17.9750003814697,Shrub,1123.5718528,16713.1313104,-2.152994369135143,0.24,0.56,0.8
11,A,Invaded Sagebrush,0.54,42.15,78.05555556,0.79,35.49,44.924050630000004,0.53,43.28,81.66037736,1.27,26.16,20.5984252,-0.034338798285195725,3170.72,978.88,1.13,0.09,12.55555556,60.33333333,35.19047619,0.024997417636658876,0.568181818,2.75,0,2.681818182,0.113636364,31.8,1.142857143,2016,616.072996735573,319.650000333786,400.862993836403,18.367000579834,-4.86999988555908,15.8940000534058,Shrub,1264.0183344,15870.4524208,-1.423240104593665,0.32,2.82,3.1399999999999997
11,B,Invaded Sagebrush,0.73,42.04,57.5890411,0.8,28,35,0.64,43.42,67.84375,1.22,31.92,26.16393443,0.25297612609717374,2739.52,792.96,1.09,0.08,13.625,67.95454545,25.09090909,0.04446854665606693,0.386363636,2.272727273,0,2.295454545,0.159090909,36.3,3.863636364,2016,616.072996735573,319.650000333786,400.862993836403,18.367000579834,-4.86999988555908,15.8940000534058,Shrub,1123.5718528,15308.666494400002,-1.8992539976758018,0.22,0,0.22
11,C,Invaded Sagebrush,0.72,41.55,57.70833333,0.77,37.93,49.25974026,0.69,43.06,62.4057971,1.05,32.66,31.1047619,0.04363036111479112,3319.68,770.56,1.23,0.08,15.375,37.86363636,51.95454545,0.08351409980119612,0.386363636,2.113636364,0,4.136363636,0.204545455,40.75,4.75,2016,616.072996735573,319.650000333786,400.862993836403,18.367000579834,-4.86999988555908,15.8940000534058,Shrub,1123.5718528,17274.9172368,-1.3201144924288726,0.2,0,0.2
12,A,Invaded Sagebrush,0.42,43.67,103.9761905,0.83,41.6,50.12048193,0.48,43.91,91.47916667,1.05,32.32,30.78095238,-0.36049550170931716,3664.64,898.24,1.47,0.09,16.33333333,29.66666667,63.61904762,0.0034087387469433268,11.06818182,0.5,0.090909091,6.25,0,28.75,2.833333333,2016,470.235997438431,247.209999084473,309.421996831894,20.0470008850098,-4.98999977111816,18.2569999694824,Shrub,1264.0183344,20645.6327952,0.10796214245877717,0.22,0,0.22
12,B,Invaded Sagebrush,0.56,42.62,76.10714286,0.96,40.58,42.27083333,0.35,44.54,127.2571429,1.31,32.85,25.07633588,0.23069922341146323,5585.44,829.92,1.67,0.1,16.7,22.72727273,69.95454545,0.010845986974153142,17.5,1,0.090909091,4.727272727,0,27.6,3,2016,470.235997438431,247.209999084473,309.421996831894,20.0470008850098,-4.98999977111816,18.2569999694824,Shrub,1404.4648160000004,23454.5624272,1.172251985163184,0.2,0,0.2
12,C,Invaded Sagebrush,0.65,42.6,65.53846154,0.54,43.13,79.87037037,0.32,44.47,138.96875,1.32,31.42,23.8030303,0.13816439687081933,5333.44,857.92,1.73,0.1,17.3,39.22727273,51.27272727,0,11.81818182,1.204545455,0.022727273,4.568181818,0.136363636,27.8,5.159090909,2016,470.235997438431,247.209999084473,309.421996831894,20.0470008850098,-4.98999977111816,18.2569999694824,Shrub,1404.4648160000004,24297.241316800002,0.07563904524367215,0.3,0,0.3
13,A,Invaded Sagebrush,0.58,41.47,71.5,0.42,42.38,100.9047619,0.46,43.71,95.02173913,1.55,31.41,20.26451613,-0.3399322069225074,3204.32,682.08,1.42,0.08,17.75,24.22727273,68.63636364,0.015184381773358867,7.659090909,0.840909091,0,1.954545455,0,28.3,2.954545455,2016,652.855993747711,345.81999826431303,416.783994674683,18.875,-5.51000022888184,16.4489994049072,Shrub,1123.5718528,19943.4003872,0.5350952569402567,0.22,0,0.22
13,B,Invaded Sagebrush,0.6,41.9,69.83333333,0.51,40.52,79.45098039,0.59,43.3,73.38983051,1.07,34.63,32.36448598,-0.3008048265642722,2965.76,646.24,1.32,0.08,16.5,25.13636364,61.04545455,0.018438177860832575,7.113636364,1.863636364,0,3.022727273,0,19.3,9.727272727,2016,652.855993747711,345.81999826431303,416.783994674683,18.875,-5.51000022888184,16.4489994049072,Shrub,1123.5718528,18538.935571200003,0.5311244435923476,0.22,0,0.22
13,C,Invaded Sagebrush,0.61,42.3,69.3442623,0.86,44.57,51.8255814,0.69,43.37,62.85507246,1.34,33.71,25.15671642,-0.3973380715356846,3354.4,738.08,1.63,0.09,18.11111111,30.86363636,52,0.09761388286282296,6.886363636,1.25,0.068181818,4.409090909,0,21.75,10.02272727,2016,652.855993747711,345.81999826431303,416.783994674683,18.875,-5.51000022888184,16.4489994049072,Shrub,1264.0183344,22892.7765008,-0.15043149150710713,0.22,0,0.22
14,A,Invaded Sagebrush,0.8,43.89,54.8625,1.74,43.2,24.82758621,NA,NA,NA,1.22,27.88,22.85245902,0.6156897980311791,4401.6,929.6,1,0.07,14.28571429,39.14285714,51.71428571,0.19543435598599443,8.681818182,0.068181818,0,1.090909091,0.136363636,28.2,2.547619048,2016,468.356002151966,256.31000328064,297.609999001026,20.5100002288818,-8.39999961853027,18.8490009307861,Shrub,983.1253712000002,14044.64816,-0.1342439060912024,0.76,0.82,1.58
14,B,Invaded Sagebrush,0.66,43.83,66.40909091,NA,NA,NA,NA,NA,NA,1.26,31.57,25.05555556,-0.038051615399480994,8755.04,790.72,1.29,0.07,18.42857143,30.95454545,52.68181818,0.34056399137973187,8.318181818,0,0,9.227272727,0.022727273,21.16,5.840909091,2016,468.356002151966,256.31000328064,297.609999001026,20.5100002288818,-8.39999961853027,18.8490009307861,Shrub,983.1253712000002,18117.596126400003,-1.019716891172418,0.42,0,0.42
14,C,Invaded Sagebrush,0.73,43.82,60.02739726,NA,NA,NA,NA,NA,NA,1.04,38.03,36.56730769,0.1607269008730134,12625.76,692.16,1.47,0.07,21,43.31818182,32.90909091,1,7.181818182,0,0,5.409090909,0.022727273,23.55,0.818181818,2016,468.356002151966,256.31000328064,297.609999001026,20.5100002288818,-8.39999961853027,18.8490009307861,Shrub,983.1253712000002,20645.6327952,-2.235767122867026,0.68,0,0.68
16,A,Cheatgrass-dominated,0.33,43.23,131,1.31,43.13,32.92366412,0.64,42.46,66.34375,1.17,36.52,31.21367521,-0.42075737948732905,3433.92,823.2,1.17,0.08,14.625,5.704545455,92.81818182,0,7.818181818,10.77272727,0,0.863636364,0,0,0.022727273,2016,641.547997951508,341.149997234344,416.948000431061,18.57200050354,-4.82999992370605,16.1569995880127,Grass,1123.5718528,16432.2383472,2.9552423315169247,0,0,0
16,B,Cheatgrass-dominated,0.38,43.56,114.6315789,1.65,44.29,26.84242424,0.44,44.19,100.4318182,1.07,37.56,35.10280374,6.259743014377489,3184.16,818.72,1.13,0.08,14.125,5.545454545,91.13636364,0,10.68181818,10.22727273,0.022727273,2.136363636,0,0,0.113636364,2016,641.547997951508,341.149997234344,416.948000431061,18.57200050354,-4.82999992370605,16.1569995880127,Grass,1123.5718528,15870.4524208,2.994418573195322,0.2,0,0.2
16,C,Cheatgrass-dominated,0.46,42.83,93.10869565,1.57,44.24,28.17834395,0.5,43.81,87.62,1.18,33.93,28.75423729,-0.34307382140382553,2984.8,752.64,1.24,0.09,13.77777778,7.318181818,90.18181818,0,9.181818182,10.72727273,0,1.454545455,0,0,0.045454545,2016,641.547997951508,341.149997234344,416.948000431061,18.57200050354,-4.82999992370605,16.1569995880127,Grass,1264.0183344,17415.3637184,2.9273378047610312,0,0,0
18,A,Cheatgrass-dominated,0.46,42.57,92.54347826,1.01,45.52,45.06930693,NA,NA,NA,1.18,36.27,30.73728814,-0.9231300951817506,2935.52,863.52,1.19,0.09,13.22222222,0.727272727,94.5,0.001084598711732017,14.18181818,20.13636364,0,0,0,0,0.090909091,2016,652.855993747711,345.81999826431303,416.783994674683,18.875,-5.51000022888184,16.4489994049072,Grass,1264.0183344,16713.1313104,4.366062472037813,0,0,0
18,B,Cheatgrass-dominated,0.51,40.11,78.64705882,1.06,45.32,42.75471698,NA,NA,NA,1.11,32.28,29.08108108,-0.2922367870697681,3138.24,872.48,1.15,0.09,12.77777778,2.428571429,93.47619048,0,15.45454545,7.954545455,0,0,0,0,0.190476191,2016,652.855993747711,345.81999826431303,416.783994674683,18.875,-5.51000022888184,16.4489994049072,Grass,1264.0183344,16151.345384,3.6414593525303323,0,0,0
18,C,Cheatgrass-dominated,0.51,41.67,81.70588235,1.12,44.69,39.90178571,NA,NA,NA,0.67,43,64.17910448,-0.5664140508938981,3036.32,900.48,1.1,0.08,13.75,2.568181818,93.72727273,0,11.72727273,13.75,0,0,0,0,0.136363636,2016,652.855993747711,345.81999826431303,416.783994674683,18.875,-5.51000022888184,16.4489994049072,Grass,1123.5718528,15449.112976000002,3.682540784312,0,0,0
22,A,Cheatgrass-dominated,0.92,42.72,46.43478261,1.32,45.01,34.09848485,0.76,42.21,55.53947368,0.7,41.01,58.58571429,-0.0663261457313444,3427.2,824.32,1.38,0.09,15.33333333,20.27272727,76.5,0.0032537960874737086,11.90909091,5.681818182,0,0,0,0,0.068181818,2016,578.53200674057,311.300004482269,378.112002372742,19.3120002746582,-5.05000019073486,17.1299991607666,Grass,1264.0183344,19381.6144608,2.550798849873281,0.72,1.4,2.12
22,B,Cheatgrass-dominated,1,42.78,42.78,1.91,45.53,23.83769634,1.04,43.38,41.71153846,1.14,35.99,31.57017544,-0.351927462214813,3623.2,848.96,1.51,0.1,15.1,15.36363636,79.59090909,0.01952277657256459,10.59090909,4.840909091,0,0.136363636,0,0,0.022727273,2016,578.53200674057,311.300004482269,378.112002372742,19.3120002746582,-5.05000019073486,17.1299991607666,Grass,1404.4648160000004,21207.418721600003,2.477026484454235,0.36,0,0.36
22,C,Cheatgrass-dominated,0.98,42.2,43.06122449,2.17,44.57,20.53917051,1.02,43.49,42.6372549,0.84,38.34,45.64285714,-0.17142743019726084,3506.72,810.88,1.39,0.09,15.44444444,18.95454545,78.18181818,0,9.636363636,4.204545455,0,0.022727273,0,0,0.068181818,2016,578.53200674057,311.300004482269,378.112002372742,19.3120002746582,-5.05000019073486,17.1299991607666,Grass,1264.0183344,19522.0609424,2.3030753143497513,0.36,0,0.36
23,A,Cheatgrass-dominated,0.49,43.45,88.67346939,1.19,45.7,38.40336134,0.4,44.52,111.3,0.67,41.71,62.25373134,-0.530428285016981,6624.8,949.76,2.06,0.11,18.72727273,2.25,92.63636364,0,8.181818182,0.159090909,0,1.022727273,0,0,1.068181818,2016,620.477989196777,314.249997615814,412.682991981506,17.9589996337891,-4.76999998092651,15.5769996643066,Grass,1544.9112976000001,28931.975209600005,2.333814462397327,0.22,0.26,0.48
23,B,Cheatgrass-dominated,0.47,43.04,91.57446809,0.62,42.31,68.24193548,0.68,43.32,63.70588235,0.88,38.84,44.13636364,-0.6480960274081702,6261.92,959.84,1.71,0.1,17.1,2.785714286,91.33333333,0,11.95454545,0.181818182,0,1.477272727,0,0,1.142857143,2016,620.477989196777,314.249997615814,412.682991981506,17.9589996337891,-4.76999998092651,15.5769996643066,Grass,1404.4648160000004,24016.3483536,2.588885410772588,0.2,0,0.2
23,C,Cheatgrass-dominated,0.44,43.53,98.93181818,0.92,38.64,42,0.44,44.27,100.6136364,1.14,27.74,24.33333333,-0.6363863734323479,6456.8,939.68,1.59,0.1,15.9,4.613636364,90,0,11,0.090909091,0.045454545,0.681818182,0,0,0.840909091,2016,620.477989196777,314.249997615814,412.682991981506,17.9589996337891,-4.76999998092651,15.5769996643066,Grass,1404.4648160000004,22330.990574400003,2.539193477547539,0.58,0,0.58
24,A,Cheatgrass-dominated,0.98,42.71,43.58163265,2.36,46.37,19.64830508,NA,NA,NA,0.92,24.38,26.5,-0.08260542077090198,5265.12,879.2,1.03,0.07,14.71428571,55.09090909,37.81818182,0,6.272727273,1.977272727,0.090909091,0,0.022727273,0,5.772727273,2016,468.356002151966,256.31000328064,297.609999001026,20.5100002288818,-8.39999961853027,18.8490009307861,Grass,983.1253712000002,14465.987604800002,0.5005390985963275,0.66,0,0.66
24,B,Cheatgrass-dominated,0.9,42.98,47.75555556,2.38,46.16,19.39495798,NA,NA,NA,0.97,21.28,21.93814433,-0.288523969955483,4651.36,862.4,0.88,0.06,14.66666667,48.42857143,48.9047619,0,9.045454545,3.659090909,0,0,0,2.1,0.204545455,2016,468.356002151966,256.31000328064,297.609999001026,20.5100002288818,-8.39999961853027,18.8490009307861,Grass,842.6788895999999,12359.290380800001,1.114659408903818,0.64,0,0.64
24,C,Cheatgrass-dominated,1.07,42.86,40.05607477,2.43,45.71,18.81069959,NA,NA,NA,0.83,18.07,21.77108434,-0.29909121866537136,4546.08,906.08,0.81,0.06,13.5,40.81818182,56.04545455,0,8.954545455,2.818181818,0,0,0,0.6,0.727272727,2016,468.356002151966,256.31000328064,297.609999001026,20.5100002288818,-8.39999961853027,18.8490009307861,Grass,842.6788895999999,11376.165009600001,1.3571950722171902,0.4,0,0.4
25,A,Cheatgrass Dieoff,0.58,43.58,75.13793103,1.96,46.81,23.88265306,0.51,43.65,85.58823529,1.06,31.41,29.63207547,-0.05233168122365426,3103.52,803.04,1.05,0.08,13.125,39.13636364,56.72727273,0.014099783109349192,7.727272727,13.63636364,0,7.136363636,0.022727273,0,0.5,2016,510.62499499321,272.059995174408,335.40499663353,20.3150005340576,-6.01999998092651,18.6219997406006,Grass,1123.5718528,14746.880568,1.1039692422392822,0.3,1.98,2.28
25,B,Cheatgrass Dieoff,0.67,42.93,64.07462687,1.48,45.87,30.99324324,0.43,45.12,104.9302326,0.8,38.41,48.0125,-0.5666996522103815,2955.68,786.24,1.16,0.08,14.5,34.27272727,61.31818182,0.002169197375741691,8.045454545,12.63636364,0,5.159090909,0.045454545,0,0.568181818,2016,510.62499499321,272.059995174408,335.40499663353,20.3150005340576,-6.01999998092651,18.6219997406006,Grass,1123.5718528,16291.7918656,1.497449998746426,0.2,0,0.2
25,C,Cheatgrass Dieoff,0.47,44.02,93.65957447,1.36,45.43,33.40441176,0.46,44.11,95.89130435,0.99,38.58,38.96969697,-0.5772669009202699,2862.72,772.8,1.11,0.08,13.875,38.40909091,56.45454545,0,11.93181818,6.954545455,0.136363636,5.727272727,0.045454545,0,0.363636364,2016,510.62499499321,272.059995174408,335.40499663353,20.3150005340576,-6.01999998092651,18.6219997406006,Grass,1123.5718528,15589.559457600002,1.2534533806772283,0.2,0,0.2
26,A,Cheatgrass Dieoff,0.53,44.12,83.24528302,1.64,43.16,26.31707317,0.7,43.17,61.67142857,0.99,39.25,39.64646465,2.6728760806616045,4876.48,803.04,1.4,0.09,15.55555556,21.45454545,76.68181818,0,5.340909091,15.29545455,0,0.045454545,0,0,1.022727273,2016,517.488995552063,278.909995794296,332.309999704361,20.0699996948242,-5.84000015258789,18.2199993133545,Grass,1264.0183344,19662.507424,2.5621998003406676,0.44,0,0.44
26,B,Cheatgrass Dieoff,0.69,43.44,62.95652174,1.67,44.52,26.65868263,0.67,42.38,63.25373134,1.04,37.74,36.28846154,1.5067659054596017,4813.76,819.84,1.49,0.1,14.9,31.02272727,65.27272727,0,6.477272727,19.79545455,0,0,0,0,2.386363636,2016,517.488995552063,278.909995794296,332.309999704361,20.0699996948242,-5.84000015258789,18.2199993133545,Grass,1404.4648160000004,20926.5257584,2.5926538007612776,0.2,0,0.2
26,C,Cheatgrass Dieoff,0.66,43.15,65.37878788,1.55,45.34,29.2516129,NA,NA,NA,0.95,41.2,43.36842105,0.09846581387961721,3858.4,875.84,1.2,0.08,15,20.90909091,76.59090909,0,6.340909091,17.72727273,0,0,0,0,1.704545455,2016,517.488995552063,278.909995794296,332.309999704361,20.0699996948242,-5.84000015258789,18.2199993133545,Grass,1123.5718528,16853.577792,2.8250138275384353,0,0,0
27,A,Cheatgrass Dieoff,0.7,40.08,57.25714286,0.75,41.92,55.89333333,0.77,41,53.24675325,0.74,31.42,42.45945946,-0.3013760291972391,3596.32,779.52,1.23,0.08,15.375,14.31818182,75.86363636,0.002169197375741691,4.136363636,30.56818182,0,1.5,0,0,7.545454545,2016,510.140003696084,271.430003523826,327.80100120604,20.1420001983643,-6.23999977111816,18.423999786377,Grass,1123.5718528,17274.9172368,3.373790818728363,0,0,0
27,B,Cheatgrass Dieoff,0.54,43.01,79.64814815,0.89,42.29,47.51685393,0.43,42.76,99.44186047,0.84,35.18,41.88095238,-0.1662866065005584,3696,749.28,1.24,0.08,15.5,14.36363636,79.68181818,0.001084598711732017,7.840909091,12.75,0,1.181818182,0,0,2.863636364,2016,510.140003696084,271.430003523826,327.80100120604,20.1420001983643,-6.23999977111816,18.423999786377,Grass,1123.5718528,17415.3637184,2.6582207263260798,0,0,0
27,C,Cheatgrass Dieoff,0.67,42.75,63.80597015,0.78,41.66,53.41025641,0.66,42.27,64.04545455,0.92,34.71,37.72826087,-0.42675500713348186,3647.84,817.6,1.18,0.08,14.75,22.59090909,73.31818182,0.001084598711732017,4.272727273,18.22727273,0,0.840909091,0,0,2.75,2016,510.140003696084,271.430003523826,327.80100120604,20.1420001983643,-6.23999977111816,18.423999786377,Grass,1123.5718528,16572.6848288,2.4756466162402915,0,0,0
28,A,Cheatgrass Dieoff,1.27,41.3,32.51968504,2.23,41.26,18.50224215,NA,NA,NA,1.63,37.13,22.7791411,0.7239326969784137,2769.76,415.52,1.02,0.07,14.57142857,18.97727273,77.5,0,6.727272727,1.363636364,0,0,0,0,0.022727273,2016,460.649002313614,235.880000829697,303.120001316071,20.7399997711182,-5.6100001335144,19.2880001068115,Grass,983.1253712000002,14325.5411232,1.8438312980428755,0.76,0,0.76
28,B,Cheatgrass Dieoff,1.12,43.26,38.625,2.24,41.76,18.64285714,NA,NA,NA,1.6,38.2,23.875,0.8073282813915867,2449.44,443.52,0.98,0.07,14,31.52272727,66.40909091,0,6.090909091,1.840909091,0,0,0,0,0.090909091,2016,460.649002313614,235.880000829697,303.120001316071,20.7399997711182,-5.6100001335144,19.2880001068115,Grass,983.1253712000002,13763.7551968,1.399355134528835,0.52,0,0.52
28,C,Cheatgrass Dieoff,0.86,44.17,51.36046512,1.77,42.98,24.28248588,NA,NA,NA,1.72,36.16,21.02325581,1.159760305932187,2488.64,493.92,0.97,0.07,13.85714286,23.5,74.36363636,0,6.931818182,2,0,0,0,0,0.022727273,2016,460.649002313614,235.880000829697,303.120001316071,20.7399997711182,-5.6100001335144,19.2880001068115,Grass,983.1253712000002,13623.3087152,1.7687698763241384,0.44,0,0.44
